time_s,temperature_C,pwm,heat_cool,setpoint_C,error_C,kp,p_enabled
0.92,20.27,0,1,30.00,9.73,0.250,0
1.44,20.28,0,1,30.00,9.72,0.250,0
1.95,20.28,0,1,30.00,9.72,0.250,0
2.46,20.28,0,1,30.00,9.72,0.250,0
2.97,20.28,0,1,30.00,9.72,0.250,0
3.47,20.28,0,1,30.00,9.72,0.250,0
3.98,20.28,0,1,30.00,9.72,0.250,0
4.49,20.28,0,1,30.00,9.72,0.250,0
5.00,20.28,0,1,30.00,9.72,0.250,0
5.51,20.28,0,1,30.00,9.72,0.250,0
6.02,20.29,0,1,30.00,9.71,0.250,0
6.53,20.28,0,1,30.00,9.72,0.250,0
7.03,20.29,0,1,30.00,9.71,0.250,0
7.54,20.29,0,1,30.00,9.71,0.250,0
8.05,20.29,0,1,30.00,9.71,0.250,0
8.56,20.29,0,1,30.00,9.71,0.250,0
9.07,20.29,0,1,30.00,9.71,0.250,0
9.58,20.30,0,1,30.00,9.70,0.250,0
10.09,20.30,0,1,30.00,9.70,0.250,0
10.60,20.30,0,1,30.00,9.70,0.250,0
11.10,20.30,0,1,30.00,9.70,0.250,0
11.61,20.30,0,1,30.00,9.70,0.250,0
12.12,20.30,0,1,30.00,9.70,0.250,0
12.63,20.30,0,1,30.00,9.70,0.250,0
13.14,20.31,0,1,30.00,9.69,0.250,0
13.65,20.31,0,1,30.00,9.69,0.250,0
14.15,20.31,0,1,30.00,9.69,0.250,0
14.66,20.31,0,1,30.00,9.69,0.250,0
15.17,20.31,0,1,30.00,9.69,0.250,0
15.68,20.31,0,1,30.00,9.69,0.250,0
16.19,20.32,0,1,30.00,9.68,0.250,0
16.70,20.31,0,1,30.00,9.69,0.250,0
17.21,20.32,0,1,30.00,9.68,0.250,0
17.71,20.32,0,1,30.00,9.68,0.250,0
18.22,20.32,0,1,30.00,9.68,0.250,0
18.73,20.32,0,1,30.00,9.68,0.250,0
19.24,20.32,0,1,30.00,9.68,0.250,0
19.75,20.33,0,1,30.00,9.67,0.250,0
20.26,20.33,0,1,30.00,9.67,0.250,0
20.77,20.33,0,1,30.00,9.67,0.250,0
21.27,20.33,0,1,30.00,9.67,0.250,0
21.78,20.33,0,1,30.00,9.67,0.250,0
22.29,20.33,0,1,30.00,9.67,0.250,0
22.80,20.33,0,1,30.00,9.67,0.250,0
23.31,20.33,0,1,30.00,9.67,0.250,0
23.82,20.33,0,1,30.00,9.67,0.250,0
24.33,20.33,0,1,30.00,9.67,0.250,0
24.84,20.33,0,1,30.00,9.67,0.250,0
25.34,20.33,0,1,30.00,9.67,0.250,0
25.85,20.34,0,1,30.00,9.66,0.250,0
26.36,20.34,0,1,30.00,9.66,0.250,0
26.87,20.34,0,1,30.00,9.66,0.250,0
27.38,20.34,0,1,30.00,9.66,0.250,0
27.89,20.34,0,1,30.00,9.66,0.250,0
28.40,20.34,0,1,30.00,9.66,0.250,0
28.90,20.34,0,1,30.00,9.66,0.250,0
29.41,20.34,0,1,30.00,9.66,0.250,0
29.92,20.34,0,1,30.00,9.66,0.250,0
30.43,20.34,0,1,30.00,9.66,0.250,0
30.94,20.34,0,1,30.00,9.66,0.250,0
31.45,20.34,0,1,30.00,9.66,0.250,0
31.96,20.34,0,1,30.00,9.66,0.250,0
32.47,20.34,0,1,30.00,9.66,0.250,0
32.97,20.34,0,1,30.00,9.66,0.250,0
33.48,20.34,0,1,30.00,9.66,0.250,0
33.99,20.34,0,1,30.00,9.66,0.250,0
34.50,20.34,0,1,30.00,9.66,0.250,0
35.01,20.34,0,1,30.00,9.66,0.250,0
35.52,20.34,0,1,30.00,9.66,0.250,0
36.03,20.34,0,1,30.00,9.66,0.250,0
36.53,20.34,0,1,30.00,9.66,0.250,0
37.04,20.34,0,1,30.00,9.66,0.250,0
37.55,20.34,0,1,30.00,9.66,0.250,0
38.06,20.35,0,1,30.00,9.65,0.250,0
38.57,20.35,0,1,30.00,9.65,0.250,0
39.08,20.35,0,1,30.00,9.65,0.250,0
39.59,20.35,0,1,30.00,9.65,0.250,0
40.09,20.35,0,1,30.00,9.65,0.250,0
40.60,20.35,0,1,30.00,9.65,0.250,0
41.11,20.35,0,1,30.00,9.65,0.250,0
41.62,20.35,0,1,30.00,9.65,0.250,0
42.13,20.35,0,1,30.00,9.65,0.250,0
42.64,20.35,0,1,30.00,9.65,0.250,0
43.15,20.35,0,1,30.00,9.65,0.250,0
43.65,20.35,0,1,30.00,9.65,0.250,0
44.16,20.35,0,1,30.00,9.65,0.250,0
44.67,20.35,0,1,30.00,9.65,0.250,0
45.18,20.35,0,1,30.00,9.65,0.250,0
45.69,20.35,0,1,30.00,9.65,0.250,0
46.20,20.35,0,1,30.00,9.65,0.250,0
46.71,20.35,0,1,30.00,9.65,0.250,0
47.22,20.35,0,1,30.00,9.65,0.250,0
47.72,20.35,0,1,30.00,9.65,0.250,0
48.23,20.35,0,1,30.00,9.65,0.250,0
48.74,20.35,0,1,30.00,9.65,0.250,0
49.25,20.36,0,1,30.00,9.64,0.250,0
49.76,20.36,0,1,30.00,9.64,0.250,0
50.27,20.36,0,1,30.00,9.64,0.250,0
50.78,20.36,0,1,30.00,9.64,0.250,0
51.28,20.36,0,1,30.00,9.64,0.250,0
51.79,20.36,0,1,30.00,9.64,0.250,0
52.30,20.36,0,1,30.00,9.64,0.250,0
52.81,20.36,0,1,30.00,9.64,0.250,0
53.32,20.37,0,1,30.00,9.63,0.250,0
53.83,20.37,0,1,30.00,9.63,0.250,0
54.34,20.37,0,1,30.00,9.63,0.250,0
54.85,20.37,0,1,30.00,9.63,0.250,0
55.35,20.37,0,1,30.00,9.63,0.250,0
55.86,20.38,0,1,30.00,9.62,0.250,0
56.37,20.37,0,1,30.00,9.63,0.250,0
56.88,20.38,0,1,30.00,9.62,0.250,0
57.39,20.38,0,1,30.00,9.62,0.250,0
57.90,20.38,0,1,30.00,9.62,0.250,0
58.40,20.38,0,1,30.00,9.62,0.250,0
58.91,20.39,0,1,30.00,9.61,0.250,0
59.42,20.39,0,1,30.00,9.61,0.250,0
59.93,20.39,0,1,30.00,9.61,0.250,0
60.44,20.39,0,1,30.00,9.61,0.250,0
60.95,20.39,0,1,30.00,9.61,0.250,0
61.46,20.39,0,1,30.00,9.61,0.250,0
61.97,20.40,0,1,30.00,9.60,0.250,0
62.47,20.40,0,1,30.00,9.60,0.250,0
62.98,20.40,0,1,30.00,9.60,0.250,0
63.49,20.40,0,1,30.00,9.60,0.250,0
64.00,20.40,0,1,30.00,9.60,0.250,0
64.51,20.40,0,1,30.00,9.60,0.250,0
65.02,20.40,0,1,30.00,9.60,0.250,0
65.52,20.41,0,1,30.00,9.59,0.250,0
66.03,20.41,0,1,30.00,9.59,0.250,0
66.54,20.41,0,1,30.00,9.59,0.250,0
67.05,20.41,0,1,30.00,9.59,0.250,0
67.56,20.41,0,1,30.00,9.59,0.250,0
68.07,20.41,0,1,30.00,9.59,0.250,0
68.58,20.41,0,1,30.00,9.59,0.250,0
69.09,20.41,0,1,30.00,9.59,0.250,0
69.59,20.41,0,1,30.00,9.59,0.250,0
70.10,20.41,0,1,30.00,9.59,0.250,0
70.61,20.41,0,1,30.00,9.59,0.250,0
71.12,20.41,0,1,30.00,9.59,0.250,0
71.63,20.42,0,1,30.00,9.58,0.250,0
72.14,20.42,0,1,30.00,9.58,0.250,0
72.65,20.42,0,1,30.00,9.58,0.250,0
73.15,20.42,0,1,30.00,9.58,0.250,0
73.66,20.42,0,1,30.00,9.58,0.250,0
74.17,20.42,0,1,30.00,9.58,0.250,0
74.68,20.42,0,1,30.00,9.58,0.250,0
75.19,20.42,0,1,30.00,9.58,0.250,0
75.70,20.42,0,1,30.00,9.58,0.250,0
76.21,20.42,0,1,30.00,9.58,0.250,0
76.72,20.42,0,1,30.00,9.58,0.250,0
77.22,20.42,0,1,30.00,9.58,0.250,0
77.73,20.42,0,1,30.00,9.58,0.250,0
78.24,20.42,0,1,30.00,9.58,0.250,0
78.75,20.42,0,1,30.00,9.58,0.250,0
79.26,20.42,0,1,30.00,9.58,0.250,0
79.77,20.42,0,1,30.00,9.58,0.250,0
80.27,20.42,0,1,30.00,9.58,0.250,0
80.78,20.42,0,1,30.00,9.58,0.250,0
81.29,20.42,0,1,30.00,9.58,0.250,0
81.80,20.42,0,1,30.00,9.58,0.250,0
82.31,20.42,0,1,30.00,9.58,0.250,0
82.82,20.42,0,1,30.00,9.58,0.250,0
83.33,20.42,0,1,30.00,9.58,0.250,0
83.83,20.42,0,1,30.00,9.58,0.250,0
84.34,20.42,0,1,30.00,9.58,0.250,0
84.85,20.42,0,1,30.00,9.58,0.250,0
85.36,20.42,0,1,30.00,9.58,0.250,0
85.87,20.42,0,1,30.00,9.58,0.250,0
86.38,20.42,0,1,30.00,9.58,0.250,0
86.89,20.42,0,1,30.00,9.58,0.250,0
87.40,20.42,0,1,30.00,9.58,0.250,0
87.90,20.42,0,1,30.00,9.58,0.250,0
88.41,20.42,0,1,30.00,9.58,0.250,0
88.92,20.42,0,1,30.00,9.58,0.250,0
89.43,20.42,0,1,30.00,9.58,0.250,0
89.94,20.43,0,1,30.00,9.57,0.250,0
90.45,20.42,0,1,30.00,9.58,0.250,0
90.96,20.42,0,1,30.00,9.58,0.250,0
91.46,20.42,0,1,30.00,9.58,0.250,0
91.97,20.43,0,1,30.00,9.57,0.250,0
92.48,20.43,0,1,30.00,9.57,0.250,0
92.99,20.43,0,1,30.00,9.57,0.250,0
93.50,20.43,0,1,30.00,9.57,0.250,0
94.01,20.43,0,1,30.00,9.57,0.250,0
94.52,20.43,0,1,30.00,9.57,0.250,0
95.02,20.43,0,1,30.00,9.57,0.250,0
95.53,20.43,0,1,30.00,9.57,0.250,0
96.04,20.43,0,1,30.00,9.57,0.250,0
96.55,20.43,0,1,30.00,9.57,0.250,0
97.06,20.43,0,1,30.00,9.57,0.250,0
97.57,20.44,0,1,30.00,9.56,0.250,0
98.08,20.44,0,1,30.00,9.56,0.250,0
98.58,20.44,0,1,30.00,9.56,0.250,0
99.09,20.44,0,1,30.00,9.56,0.250,0
99.60,20.44,0,1,30.00,9.56,0.250,0
100.11,20.44,0,1,30.00,9.56,0.250,0
100.62,20.44,0,1,30.00,9.56,0.250,0
101.13,20.45,0,1,30.00,9.55,0.250,0
101.64,20.44,0,1,30.00,9.56,0.250,0
102.15,20.45,0,1,30.00,9.55,0.250,0
102.65,20.45,0,1,30.00,9.55,0.250,0
103.16,20.45,0,1,30.00,9.55,0.250,0
103.67,20.45,0,1,30.00,9.55,0.250,0
104.18,20.45,0,1,30.00,9.55,0.250,0
104.69,20.46,0,1,30.00,9.54,0.250,0
105.20,20.46,0,1,30.00,9.54,0.250,0
105.71,20.46,0,1,30.00,9.54,0.250,0
106.21,20.46,0,1,30.00,9.54,0.250,0
106.72,20.46,0,1,30.00,9.54,0.250,0
107.23,20.46,0,1,30.00,9.54,0.250,0
107.74,20.46,0,1,30.00,9.54,0.250,0
108.25,20.47,0,1,30.00,9.53,0.250,0
108.76,20.47,0,1,30.00,9.53,0.250,0
109.27,20.47,0,1,30.00,9.53,0.250,0
