time_s,temperature_C,pwm,heat_cool
0.50,26.20,0,1
1.00,26.19,0,1
1.50,26.19,0,1
2.00,26.19,0,1
2.50,26.19,0,1
3.00,26.19,0,1
3.50,26.19,0,1
4.00,26.19,0,1
4.50,26.19,0,1
5.00,26.19,0,1
5.50,26.19,0,1
6.00,26.19,0,1
6.50,26.19,0,1
7.00,26.19,0,1
7.50,26.19,0,1
8.00,26.19,0,1
8.50,26.19,0,1
9.00,26.19,0,1
9.50,26.19,0,1
10.00,26.19,0,1
10.50,26.18,0,1
11.00,26.17,0,1
11.50,26.16,0,1
12.00,26.14,0,1
12.50,26.13,0,1
13.00,26.12,0,1
13.50,26.12,0,1
14.00,26.12,0,1
14.50,26.12,0,1
15.00,26.12,0,1
15.50,26.12,0,1
16.00,26.12,0,1
16.50,26.12,0,1
17.00,26.12,0,1
17.50,26.12,0,1
18.00,26.12,0,1
18.50,26.12,0,1
19.00,26.12,0,1
19.50,26.12,0,1
20.00,26.12,0,1
20.50,26.11,0,1
21.00,26.11,0,1
21.50,26.11,0,1
22.00,26.11,0,1
22.50,26.11,0,1
23.00,26.11,0,1
23.50,26.11,0,1
24.00,26.11,0,1
24.50,26.11,0,1
25.00,26.11,0,1
25.50,26.11,48,1
26.00,26.11,48,1
26.50,26.10,48,1
27.00,26.10,48,1
27.50,26.09,48,1
28.00,26.08,48,1
28.50,26.06,48,1
29.00,26.05,48,1
29.50,26.05,48,1
30.00,26.05,48,1
30.50,26.03,48,1
31.00,25.42,48,1
31.50,25.90,48,1
32.00,25.79,48,1
32.50,25.80,48,1
33.00,25.83,48,1
33.50,25.81,48,1
34.00,25.80,48,1
34.50,25.80,48,1
35.00,25.80,48,1
35.50,25.80,48,1
36.00,25.81,48,1
36.50,25.80,48,1
37.00,25.80,48,1
37.50,25.79,48,1
38.00,25.80,48,1
38.50,25.81,48,1
39.00,25.83,48,1
39.50,25.84,48,1
40.00,25.85,48,1
40.50,25.85,48,1
41.00,25.86,48,1
41.50,25.87,48,1
42.00,25.87,48,1
42.50,25.87,48,1
43.00,25.87,48,1
43.50,25.87,48,1
44.00,25.87,48,1
44.50,25.87,48,1
45.00,25.87,48,1
45.50,25.87,48,1
46.00,25.87,48,1
46.50,25.87,48,1
47.00,25.87,48,1
47.50,25.87,48,1
48.00,25.83,48,1
48.50,25.83,48,1
49.00,25.80,48,1
49.50,25.44,48,1
50.00,25.86,48,1
50.50,25.96,48,1
51.00,25.20,48,1
51.50,25.34,48,1
52.00,25.94,48,1
52.50,25.37,48,1
53.00,25.94,48,1
53.50,25.88,48,1
54.00,25.87,48,1
54.50,25.82,48,1
55.00,25.39,48,1
55.50,25.97,48,1
56.00,25.97,48,1
56.50,25.96,48,1
57.00,25.96,48,1
57.50,25.96,48,1
58.00,25.96,48,1
58.50,25.91,48,1
59.00,25.96,48,1
59.50,25.96,48,1
60.00,25.96,48,1
60.50,25.92,48,1
61.00,25.96,48,1
61.50,25.83,48,1
62.00,25.90,48,1
62.50,25.90,48,1
63.00,25.90,48,1
63.50,25.89,48,1
64.00,25.87,48,1
64.50,25.88,48,1
65.00,25.88,48,1
65.50,25.88,46,1
66.00,25.88,255,1
66.50,25.88,255,1
67.00,25.88,255,1
67.50,25.88,255,1
68.00,25.87,255,1
68.50,25.88,212,1
69.00,25.88,210,1
69.50,25.88,202,1
70.00,25.87,194,1
70.50,25.87,179,1
71.00,25.87,177,1
71.50,25.86,167,1
72.00,25.85,167,1
72.50,25.85,167,1
73.00,25.85,167,1
73.50,25.85,167,1
74.00,25.85,167,1
74.50,25.83,251,1
75.00,25.82,255,1
75.50,25.82,251,1
76.00,25.82,246,1
76.50,25.82,246,1
77.00,25.82,246,1
77.50,25.82,246,1
78.00,25.81,246,1
78.50,25.81,246,1
79.00,25.81,246,1
79.50,25.81,246,1
80.00,25.81,246,1
80.50,25.81,246,1
81.00,25.81,246,1
81.50,25.81,246,1
82.00,25.81,246,1
82.50,25.81,246,1
83.00,25.81,246,1
83.50,25.81,246,1
84.00,25.81,246,1
84.50,25.81,246,1
85.00,25.81,246,1
85.50,25.81,236,1
86.00,25.81,236,1
86.50,25.81,236,1
87.00,25.81,236,1
87.50,25.81,236,1
88.00,25.80,236,1
88.50,25.81,236,1
89.00,25.81,236,1
89.50,25.81,236,1
90.00,25.80,236,1
90.50,25.81,236,1
91.00,25.80,236,1
91.50,25.80,236,1
92.00,25.80,236,1
92.50,25.79,236,1
93.00,25.79,236,1
93.50,25.78,236,1
94.00,25.77,236,1
94.50,25.76,236,1
95.00,25.76,236,1
95.50,25.75,236,1
96.00,25.74,236,1
96.50,25.74,236,1
97.00,25.74,236,1
97.50,25.74,236,1
98.00,25.74,236,1
98.50,25.74,236,1
99.00,25.74,236,1
99.50,25.73,236,1
100.00,25.73,236,1
100.50,25.73,236,1
101.00,25.73,236,1
101.50,25.73,236,1
102.00,25.73,236,1
102.50,25.73,236,1
103.00,25.73,236,1
103.50,25.73,236,1
104.00,25.73,236,1
104.50,25.73,236,1
105.00,25.73,236,1
105.50,25.73,236,1
106.00,25.73,236,1
106.50,25.73,236,1
107.00,25.73,236,1
107.50,25.73,236,1
108.00,25.73,236,1
108.50,25.73,236,1
109.00,25.73,236,1
109.50,25.73,236,1
110.00,25.73,236,1
110.50,25.72,236,1
111.00,25.72,236,1
111.50,25.71,236,1
112.00,25.71,236,1
112.50,25.70,236,1
113.00,25.69,236,1
113.50,25.68,236,1
114.00,25.68,236,1
114.50,25.67,236,1
115.00,25.67,236,1
115.50,25.67,236,1
116.00,25.66,236,1
116.50,25.66,236,1
117.00,25.66,236,1
117.50,25.66,236,1
118.00,25.66,236,1
118.50,25.66,236,1
119.00,25.66,236,1
119.50,25.66,236,1
120.00,25.66,236,1
120.50,25.66,236,1
121.00,25.66,236,1
121.50,25.66,236,1
122.00,25.65,236,1
122.50,25.65,236,1
123.00,25.66,236,1
123.50,25.65,236,1
124.00,25.65,236,1
124.50,25.65,236,1
125.00,25.65,236,1
125.50,25.65,236,1
126.00,25.65,236,1
126.50,25.65,236,1
127.00,25.65,236,1
127.50,25.65,236,1
128.00,25.65,236,1
128.50,25.65,236,1
129.00,25.65,236,1
129.50,25.65,236,1
130.00,25.65,236,1
130.50,25.65,236,1
131.00,25.65,236,1
131.50,25.65,236,1
132.00,25.65,236,1
132.50,25.64,236,1
133.00,25.63,236,1
133.50,25.63,236,1
134.00,25.62,236,1
134.50,25.61,236,1
135.00,25.60,246,1
135.50,25.59,248,1
136.00,25.59,249,1
136.50,25.58,250,1
137.00,25.58,252,1
137.50,25.58,253,1
138.00,25.58,254,1
138.50,25.58,255,1
139.00,25.58,255,1
139.50,25.58,254,1
140.00,25.58,254,1
140.50,25.58,254,1
141.00,25.58,254,1
141.50,25.22,254,1
142.00,25.55,254,1
142.50,25.64,254,1
143.00,25.60,254,1
143.50,25.58,254,1
144.00,25.58,254,1
144.50,25.58,254,1
145.00,25.57,254,1
145.50,25.58,254,1
146.00,25.58,254,1
146.50,25.58,254,1
147.00,25.58,254,1
147.50,25.58,254,1
148.00,25.58,254,1
148.50,25.58,254,1
149.00,25.58,254,1
149.50,25.58,254,1
150.00,25.58,254,1
150.50,25.58,254,1
151.00,25.58,254,1
151.50,25.58,254,1
152.00,25.58,254,1
152.50,25.58,254,1
153.00,25.58,254,1
153.50,25.58,254,1
154.00,25.58,254,1
154.50,25.57,254,1
155.00,25.57,254,1
155.50,25.57,254,1
156.00,25.57,254,1
156.50,25.57,254,1
157.00,25.56,254,1
157.50,25.55,254,1
158.00,25.54,254,1
158.50,25.53,254,1
159.00,25.52,254,1
159.50,25.51,254,1
160.00,25.51,254,1
160.50,25.51,254,1
161.00,25.50,254,1
161.50,25.50,254,1
162.00,25.50,254,1
162.50,25.50,254,1
163.00,25.50,254,1
163.50,25.50,254,1
164.00,25.50,254,1
164.50,25.50,254,1
165.00,25.50,254,1
165.50,25.50,254,1
166.00,25.50,254,1
166.50,25.50,254,1
167.00,25.50,254,1
167.50,25.50,254,1
168.00,25.50,254,1
168.50,25.50,254,1
169.00,25.50,254,1
169.50,25.50,254,1
170.00,25.50,254,1
170.50,25.50,254,1
171.00,25.50,254,1
171.50,25.50,254,1
172.00,25.50,254,1
172.50,25.50,254,1
173.00,25.50,254,1
173.50,25.50,254,1
174.00,25.50,254,1
174.50,25.50,254,1
175.00,25.50,254,1
175.50,25.50,254,1
176.00,25.50,254,1
176.50,25.50,254,1
177.00,25.49,254,1
177.50,25.49,254,1
178.00,25.48,254,1
178.50,25.47,254,1
179.00,25.46,254,1
179.50,25.45,254,1
180.00,25.44,254,1
180.50,25.43,254,1
181.00,25.43,254,1
181.50,25.43,254,1
182.00,25.43,254,1
182.50,25.43,254,1
183.00,25.43,254,1
183.50,25.43,254,1
184.00,25.43,254,1
184.50,25.42,254,1
185.00,25.43,254,1
185.50,25.42,254,1
186.00,25.42,254,1
186.50,25.42,254,1
187.00,25.42,254,1
187.50,25.42,254,1
188.00,25.42,254,1
188.50,25.42,254,1
189.00,25.42,254,1
189.50,25.42,254,1
190.00,25.42,254,1
190.50,25.42,254,1
191.00,25.42,254,1
191.50,25.42,254,1
192.00,25.42,254,1
192.50,25.42,254,1
193.00,25.42,254,1
193.50,25.42,254,1
194.00,25.42,254,1
194.50,25.42,254,1
195.00,25.42,254,1
195.50,25.41,254,1
196.00,25.41,254,1
196.50,25.40,254,1
197.00,25.39,254,1
197.50,25.38,254,1
198.00,25.37,254,1
198.50,25.37,254,1
199.00,25.36,254,1
199.50,25.35,254,1
200.00,25.35,254,1
200.50,25.35,254,1
201.00,25.35,254,1
201.50,25.35,254,1
202.00,25.35,254,1
202.50,25.35,254,1
203.00,25.35,254,1
203.50,25.35,254,1
204.00,25.35,254,1
204.50,25.35,254,1
205.00,25.35,254,1
205.50,25.35,254,1
206.00,25.35,254,1
206.50,25.35,254,1
207.00,25.35,254,1
207.50,25.35,254,1
208.00,25.35,254,1
208.50,25.35,254,1
209.00,25.35,254,1
209.50,25.34,254,1
210.00,25.34,254,1
210.50,25.34,254,1
211.00,25.34,254,1
211.50,25.34,254,1
212.00,25.34,254,1
212.50,25.34,254,1
213.00,25.34,254,1
213.50,25.34,254,1
214.00,25.34,254,1
214.50,25.34,254,1
215.00,25.34,254,1
215.50,25.34,254,1
216.00,25.34,254,1
216.50,25.34,254,1
217.00,25.34,254,1
217.50,25.34,254,1
218.00,25.34,254,1
218.50,25.34,254,1
219.00,25.34,254,1
219.50,25.34,254,1
220.00,25.33,254,1
220.50,25.33,254,1
221.00,25.32,254,1
221.50,25.31,254,1
222.00,25.30,254,1
222.50,25.30,254,1
223.00,25.29,254,1
223.50,25.28,254,1
224.00,25.28,254,1
224.50,25.28,254,1
225.00,25.28,254,1
225.50,25.27,254,1
226.00,25.27,254,1
226.50,25.27,254,1
227.00,25.27,254,1
227.50,25.27,254,1
228.00,25.27,254,1
228.50,25.27,254,1
229.00,25.27,254,1
229.50,25.27,254,1
230.00,25.27,254,1
230.50,25.27,254,1
231.00,25.27,254,1
231.50,25.27,254,1
232.00,25.27,254,1
232.50,25.27,254,1
233.00,25.27,254,1
233.50,25.27,254,1
234.00,25.27,254,1
234.50,25.27,254,1
235.00,25.27,254,1
235.50,25.27,254,1
236.00,25.27,254,1
236.50,25.27,254,1
237.00,25.27,254,1
237.50,25.27,254,1
238.00,25.27,254,1
238.50,25.27,254,1
239.00,25.27,254,1
239.50,25.27,254,1
240.00,25.27,254,1
240.50,25.27,254,1
241.00,25.27,254,1
241.50,25.27,254,1
242.00,25.27,254,1
242.50,25.27,254,1
243.00,25.27,254,1
243.50,25.26,254,1
244.00,25.26,254,1
244.50,25.25,254,1
245.00,25.24,254,1
245.50,25.23,254,1
246.00,25.22,254,1
246.50,25.21,254,1
247.00,25.21,254,1
247.50,25.20,254,1
248.00,25.20,254,1
248.50,25.20,254,1
249.00,25.20,254,1
249.50,25.20,254,1
250.00,25.20,255,1
250.50,25.20,252,1
251.00,25.20,252,1
251.50,25.20,252,1
252.00,25.19,252,1
252.50,25.19,252,1
253.00,25.20,252,1
253.50,25.19,252,1
254.00,25.19,252,1
254.50,25.19,252,1
255.00,25.19,252,1
255.50,25.19,252,1
256.00,25.19,252,1
256.50,25.19,252,1
257.00,25.19,252,1
257.50,25.19,252,1
258.00,25.19,252,1
258.50,25.19,252,1
259.00,25.19,252,1
259.50,25.19,252,1
260.00,25.19,252,1
260.50,25.19,252,1
261.00,25.19,252,1
261.50,25.19,252,1
262.00,25.19,252,1
262.50,25.19,252,1
263.00,25.19,252,1
263.50,25.19,252,1
264.00,25.18,252,1
264.50,25.18,252,1
265.00,25.17,252,1
265.50,25.16,252,1
266.00,25.16,252,1
266.50,25.15,252,1
267.00,25.15,252,1
267.50,25.14,252,1
268.00,25.14,252,1
268.50,25.13,252,1
269.00,25.13,252,1
269.50,25.13,252,1
270.00,25.13,252,1
270.50,25.00,252,1
271.00,24.80,252,1
271.50,24.55,252,1
272.00,24.26,252,1
272.50,23.94,252,1
273.00,23.61,252,1
273.50,23.25,252,1
274.00,22.88,252,1
274.50,22.50,252,1
275.00,22.12,252,1
275.50,21.71,252,1
276.00,21.31,252,1
276.50,20.92,252,1
277.00,20.52,255,1
277.50,20.11,19,1
278.00,19.78,0,1
278.50,19.55,0,1
279.00,19.38,0,1
279.50,19.26,0,1
280.00,19.17,0,1
280.50,19.12,0,1
281.00,19.07,96,1
281.50,19.02,96,1
282.00,18.94,96,1
282.50,18.86,96,1
283.00,18.77,96,1
283.50,18.68,96,1
284.00,18.58,96,1
284.50,18.49,96,1
285.00,18.39,96,1
285.50,18.30,96,1
286.00,18.18,96,1
286.50,18.09,96,1
287.00,17.99,96,1
287.50,17.89,96,1
288.00,17.80,96,1
288.50,17.71,96,1
289.00,17.61,96,1
289.50,17.51,96,1
290.00,17.42,96,1
290.50,17.32,96,1
291.00,17.23,96,1
291.50,17.13,96,1
292.00,17.03,96,1
292.50,16.97,96,1
293.00,16.84,96,1
293.50,16.79,96,1
294.00,16.70,96,1
294.50,16.61,96,1
295.00,16.45,96,1
295.50,16.22,96,1
296.00,16.24,96,1
296.50,16.18,96,1
297.00,15.95,96,1
297.50,16.02,96,1
298.00,15.93,96,1
298.50,15.89,96,1
299.00,15.80,96,1
299.50,15.71,96,1
300.00,15.62,96,1
300.50,15.55,96,1
301.00,15.46,96,1
301.50,15.39,96,1
302.00,15.30,96,1
302.50,15.23,96,1
303.00,15.16,96,1
303.50,15.06,96,1
304.00,15.00,96,1
304.50,14.91,96,1
305.00,14.83,96,1
305.50,14.76,96,1
306.00,14.68,96,1
306.50,14.60,96,1
307.00,14.53,96,1
307.50,14.46,96,1
308.00,14.39,96,1
308.50,14.30,96,1
309.00,14.25,96,1
309.50,14.17,96,1
310.00,14.09,96,1
310.50,14.03,96,1
311.00,13.95,255,1
311.50,13.83,255,1
312.00,13.61,255,1
312.50,13.38,255,1
313.00,13.13,255,1
313.50,12.86,255,1
314.00,12.59,255,1
314.50,12.30,255,1
315.00,11.98,255,1
315.50,11.70,254,1
316.00,11.38,254,1
316.50,11.12,254,1
317.00,10.77,254,1
317.50,10.49,254,1
318.00,10.18,254,1
318.50,9.87,254,1
319.00,9.55,254,1
319.50,9.24,254,1
320.00,8.94,254,1
320.50,8.64,254,1
321.00,8.35,254,1
321.50,8.08,254,1
322.00,7.81,254,1
322.50,7.54,254,1
323.00,7.26,254,1
323.50,6.99,254,1
324.00,6.72,254,1
324.50,6.45,254,1
325.00,6.19,254,1
325.50,5.93,254,1
326.00,5.67,254,1
326.50,5.42,254,1
327.00,5.17,254,1
327.50,4.91,254,1
328.00,4.67,254,1
328.50,4.42,254,1
329.00,4.16,254,1
329.50,3.93,254,1
330.00,3.68,254,1
330.50,3.44,254,1
331.00,3.20,254,1
331.50,2.96,254,1
332.00,2.73,254,1
332.50,2.49,254,1
333.00,2.26,254,1
333.50,2.01,254,1
334.00,1.79,254,1
334.50,1.57,254,1
335.00,1.34,254,1
335.50,1.11,254,1
336.00,0.90,254,1
336.50,0.68,254,1
337.00,0.46,254,1
337.50,0.25,254,1
338.00,0.04,254,1
338.50,-0.17,254,1
339.00,-0.40,254,1
339.50,-0.58,254,1
340.00,-0.77,254,1
340.50,-0.98,254,1
341.00,-1.18,254,1
341.50,-1.35,254,1
342.00,-1.54,254,1
342.50,-1.74,254,1
343.00,-1.92,254,1
343.50,-2.10,254,1
344.00,-2.28,254,1
344.50,-2.46,254,1
345.00,-2.63,254,1
345.50,-2.80,254,1
346.00,-2.98,254,1
346.50,-3.14,254,1
347.00,-3.31,254,1
347.50,-3.48,254,1
348.00,-3.65,254,1
348.50,-3.79,254,1
349.00,-3.98,254,1
349.50,-4.14,254,1
350.00,-4.29,254,1
350.50,-4.45,254,1
351.00,-4.69,254,1
351.50,-4.83,254,1
352.00,-4.90,254,1
352.50,-5.05,254,1
353.00,-5.18,254,1
353.50,-5.34,254,1
354.00,-5.49,254,1
354.50,-5.65,254,1
355.00,-5.86,254,1
355.50,-5.95,254,1
356.00,-6.08,254,1
356.50,-6.21,254,1
357.00,-6.37,254,1
357.50,-6.50,254,1
358.00,-6.63,254,1
358.50,-6.78,254,1
359.00,-6.90,254,1
359.50,-7.07,254,1
360.00,-7.19,254,1
360.50,-7.33,254,1
361.00,-7.46,254,1
361.50,-7.59,254,1
362.00,-7.72,254,1
362.50,-7.84,254,1
363.00,-7.96,254,1
363.50,-8.10,254,1
364.00,-8.21,254,1
364.50,-8.33,254,1
365.00,-8.45,254,1
365.50,-8.58,254,1
366.00,-8.68,254,1
366.50,-8.82,254,1
367.00,-8.94,254,1
367.50,-9.04,254,1
368.00,-9.17,254,1
368.50,-9.28,254,1
369.00,-9.41,254,1
369.50,-9.53,254,1
370.00,-9.64,254,1
370.50,-9.75,254,1
371.00,-9.87,254,1
371.50,-9.97,254,1
372.00,-10.09,254,1
372.50,-10.21,254,1
373.00,-10.32,254,1
373.50,-10.42,254,1
374.00,-10.54,254,1
374.50,-10.64,254,1
375.00,-10.75,254,1
375.50,-10.86,254,1
376.00,-10.96,254,1
376.50,-11.07,254,1
377.00,-11.18,254,1
377.50,-11.28,254,1
378.00,-11.38,254,1
378.50,-11.47,254,1
379.00,-11.58,254,1
379.50,-11.66,254,1
380.00,-11.78,254,1
380.50,-11.87,254,1
381.00,-11.97,254,1
381.50,-12.06,254,1
382.00,-12.16,254,1
382.50,-12.24,254,1
383.00,-12.34,254,1
383.50,-12.43,254,1
384.00,-12.52,254,1
384.50,-12.61,254,1
385.00,-12.68,254,1
385.50,-12.78,254,1
386.00,-12.88,254,1
386.50,-12.97,254,1
387.00,-13.04,254,1
387.50,-13.14,254,1
388.00,-13.23,254,1
388.50,-13.31,254,1
389.00,-13.39,254,1
389.50,-13.48,254,1
390.00,-13.56,254,1
390.50,-13.63,254,1
391.00,-13.71,254,1
391.50,-13.77,254,1
392.00,-13.85,254,1
392.50,-13.91,254,1
393.00,-13.95,254,1
393.50,-13.99,254,1
394.00,-14.04,254,1
394.50,-14.07,254,1
395.00,-14.13,254,1
395.50,-14.17,254,1
396.00,-14.20,254,1
396.50,-14.24,254,1
397.00,-14.30,254,1
397.50,-14.34,254,1
398.00,-14.40,254,1
398.50,-14.43,254,1
399.00,-14.50,254,1
399.50,-14.57,254,1
400.00,-14.62,254,1
400.50,-14.68,254,1
401.00,-14.73,254,1
401.50,-14.79,254,1
402.00,-14.85,254,1
402.50,-14.90,254,1
403.00,-14.97,254,1
403.50,-15.03,254,1
404.00,-15.06,254,1
404.50,-15.12,254,1
405.00,-15.21,254,1
405.50,-15.25,254,1
406.00,-15.29,254,1
406.50,-15.34,254,1
407.00,-15.42,254,1
407.50,-15.47,254,1
408.00,-15.55,254,1
408.50,-15.61,254,1
409.00,-15.67,254,1
409.50,-15.73,254,1
410.00,-15.79,254,1
410.50,-15.87,254,1
411.00,-15.92,254,1
411.50,-16.00,254,0
412.00,-15.80,254,0
412.50,-15.23,254,0
413.00,-14.45,254,0
413.50,-13.51,254,0
414.00,-12.46,254,0
414.50,-11.34,254,0
415.00,-10.12,254,0
415.50,-8.86,254,0
416.00,-7.59,254,0
416.50,-6.27,254,0
417.00,-4.94,254,0
417.50,-3.64,254,0
418.00,-2.30,254,0
418.50,-0.91,254,0
419.00,0.37,254,0
419.50,1.76,252,0
420.00,3.02,249,0
420.50,4.31,249,0
421.00,5.64,249,0
421.50,6.90,249,0
422.00,8.16,249,0
422.50,9.38,249,0
423.00,10.30,249,0
423.50,11.46,249,0
424.00,12.68,249,0
424.50,13.95,249,0
425.00,15.17,249,0
425.50,16.13,249,0
426.00,17.24,249,0
426.50,18.30,249,0
427.00,19.32,249,0
427.50,20.20,249,0
428.00,21.06,249,0
428.50,22.05,249,0
429.00,23.01,249,0
429.50,23.94,249,0
430.00,24.99,249,0
430.50,26.03,249,0
431.00,26.96,249,0
431.50,27.85,249,0
432.00,28.77,249,0
432.50,29.37,249,0
433.00,30.76,249,0
433.50,31.78,249,0
434.00,32.24,249,0
434.50,33.19,249,0
435.00,34.23,249,0
435.50,35.10,249,0
436.00,35.70,249,0
436.50,36.52,249,0
437.00,37.59,249,0
437.50,38.41,249,0
438.00,39.20,249,0
438.50,39.97,249,0
439.00,40.73,249,0
439.50,41.48,249,0
440.00,42.21,249,0
440.50,42.94,249,0
441.00,43.65,249,0
441.50,44.36,249,0
442.00,45.07,249,0
442.50,45.76,249,0
443.00,46.44,249,0
443.50,47.12,249,0
444.00,47.79,249,0
444.50,48.47,249,0
445.00,49.13,249,0
445.50,49.77,249,0
446.00,50.41,249,0
446.50,51.06,249,0
447.00,51.70,249,0
447.50,52.32,249,0
448.00,52.97,249,0
448.50,53.53,249,0
449.00,53.82,249,0
449.50,54.08,249,0
450.00,54.10,249,0
450.50,54.09,249,0
451.00,54.02,249,0
451.50,53.91,249,0
452.00,53.69,249,0
452.50,53.53,249,0
453.00,53.26,249,0
453.50,53.05,249,0
454.00,52.83,249,0
454.50,52.56,249,0
455.00,52.30,249,0
455.50,52.02,249,0
456.00,51.74,249,0
456.50,51.45,249,0
457.00,51.15,249,0
457.50,50.88,249,0
458.00,50.61,249,0
458.50,50.36,249,0
